INSERT INTO `tax_class` (`class_id`, `class_name`, `class_type`) VALUES
(4, 'IVA 22%', 'PRODUCT'),
(5, 'Rivenditori', 'CUSTOMER'),
(6, 'Privati', 'CUSTOMER');
INSERT INTO `customer_group` (`customer_group_id`, `customer_group_code`, `tax_class_id`) VALUES
/*(1, 'Privati', 6),*/
(4, 'Rivenditori', 5);

UPDATE `customer_group` SET customer_group_code = 'Privati', tax_class_id = 6 WHERE `customer_group_id` = 1; 


UPDATE `store` SET `name` = 'it' WHERE `store`.`code` = 'default';


INSERT INTO `tax_calculation_rate` (`tax_calculation_rate_id`, `tax_country_id`, `tax_region_id`, `tax_postcode`, `code`, `rate`, `zip_is_range`, `zip_from`, `zip_to`) VALUES
(2176, 'AD', 0, NULL, '1', '0.0000', NULL, NULL, NULL),
(2177, 'AE', 0, NULL, 'AE', '22.0000', NULL, NULL, NULL),
(2178, 'AE', 0, NULL, '2', '0.0000', NULL, NULL, NULL),
(2179, 'AF', 0, NULL, 'AF', '22.0000', NULL, NULL, NULL),
(2180, 'AF', 0, NULL, '3', '0.0000', NULL, NULL, NULL),
(2181, 'AG', 0, NULL, 'AG', '22.0000', NULL, NULL, NULL),
(2182, 'AG', 0, NULL, '4', '0.0000', NULL, NULL, NULL),
(2183, 'AI', 0, NULL, 'AI', '22.0000', NULL, NULL, NULL),
(2184, 'AI', 0, NULL, '5', '0.0000', NULL, NULL, NULL),
(2185, 'AL', 0, NULL, 'AL', '22.0000', NULL, NULL, NULL),
(2186, 'AL', 0, NULL, '6', '0.0000', NULL, NULL, NULL),
(2187, 'AM', 0, NULL, 'AM', '22.0000', NULL, NULL, NULL),
(2188, 'AM', 0, NULL, '7', '0.0000', NULL, NULL, NULL),
(2189, 'AN', 0, NULL, 'AN', '22.0000', NULL, NULL, NULL),
(2190, 'AN', 0, NULL, '8', '0.0000', NULL, NULL, NULL),
(2191, 'AO', 0, NULL, 'AO', '22.0000', NULL, NULL, NULL),
(2192, 'AO', 0, NULL, '9', '0.0000', NULL, NULL, NULL),
(2193, 'AQ', 0, NULL, 'AQ', '22.0000', NULL, NULL, NULL),
(2194, 'AQ', 0, NULL, '10', '0.0000', NULL, NULL, NULL),
(2195, 'AR', 0, NULL, 'AR', '22.0000', NULL, NULL, NULL),
(2196, 'AR', 0, NULL, '11', '0.0000', NULL, NULL, NULL),
(2197, 'AS', 0, NULL, 'AS', '22.0000', NULL, NULL, NULL),
(2198, 'AS', 0, NULL, '12', '0.0000', NULL, NULL, NULL),
(2199, 'AT', 0, NULL, 'AT', '22.0000', NULL, NULL, NULL),
(2200, 'AT', 0, NULL, '13', '0.0000', NULL, NULL, NULL),
(2201, 'AU', 0, NULL, 'AU', '22.0000', NULL, NULL, NULL),
(2202, 'AU', 0, NULL, '14', '0.0000', NULL, NULL, NULL),
(2203, 'AW', 0, NULL, 'AW', '22.0000', NULL, NULL, NULL),
(2204, 'AW', 0, NULL, '15', '0.0000', NULL, NULL, NULL),
(2205, 'AX', 0, NULL, 'AX', '22.0000', NULL, NULL, NULL),
(2206, 'AX', 0, NULL, '16', '0.0000', NULL, NULL, NULL),
(2207, 'AZ', 0, NULL, 'AZ', '22.0000', NULL, NULL, NULL),
(2208, 'AZ', 0, NULL, '17', '0.0000', NULL, NULL, NULL),
(2209, 'BA', 0, NULL, 'BA', '22.0000', NULL, NULL, NULL),
(2210, 'BA', 0, NULL, '18', '0.0000', NULL, NULL, NULL),
(2211, 'BB', 0, NULL, 'BB', '22.0000', NULL, NULL, NULL),
(2212, 'BB', 0, NULL, '19', '0.0000', NULL, NULL, NULL),
(2213, 'BD', 0, NULL, 'BD', '22.0000', NULL, NULL, NULL),
(2214, 'BD', 0, NULL, '20', '0.0000', NULL, NULL, NULL),
(2215, 'BE', 0, NULL, 'BE', '22.0000', NULL, NULL, NULL),
(2216, 'BE', 0, NULL, '21', '0.0000', NULL, NULL, NULL),
(2217, 'BF', 0, NULL, 'BF', '22.0000', NULL, NULL, NULL),
(2218, 'BF', 0, NULL, '22', '0.0000', NULL, NULL, NULL),
(2219, 'BG', 0, NULL, 'BG', '22.0000', NULL, NULL, NULL),
(2220, 'BG', 0, NULL, '23', '0.0000', NULL, NULL, NULL),
(2221, 'BH', 0, NULL, 'BH', '22.0000', NULL, NULL, NULL),
(2222, 'BH', 0, NULL, '24', '0.0000', NULL, NULL, NULL),
(2223, 'BI', 0, NULL, 'BI', '22.0000', NULL, NULL, NULL),
(2224, 'BI', 0, NULL, '25', '0.0000', NULL, NULL, NULL),
(2225, 'BJ', 0, NULL, 'BJ', '22.0000', NULL, NULL, NULL),
(2226, 'BJ', 0, NULL, '26', '0.0000', NULL, NULL, NULL),
(2227, 'BL', 0, NULL, 'BL', '22.0000', NULL, NULL, NULL),
(2228, 'BL', 0, NULL, '27', '0.0000', NULL, NULL, NULL),
(2229, 'BM', 0, NULL, 'BM', '22.0000', NULL, NULL, NULL),
(2230, 'BM', 0, NULL, '28', '0.0000', NULL, NULL, NULL),
(2231, 'BN', 0, NULL, 'BN', '22.0000', NULL, NULL, NULL),
(2232, 'BN', 0, NULL, '29', '0.0000', NULL, NULL, NULL),
(2233, 'BO', 0, NULL, 'BO', '22.0000', NULL, NULL, NULL),
(2234, 'BO', 0, NULL, '30', '0.0000', NULL, NULL, NULL),
(2235, 'BR', 0, NULL, 'BR', '22.0000', NULL, NULL, NULL),
(2236, 'BR', 0, NULL, '31', '0.0000', NULL, NULL, NULL),
(2237, 'BS', 0, NULL, 'BS', '22.0000', NULL, NULL, NULL),
(2238, 'BS', 0, NULL, '32', '0.0000', NULL, NULL, NULL),
(2239, 'BT', 0, NULL, 'BT', '22.0000', NULL, NULL, NULL),
(2240, 'BT', 0, NULL, '33', '0.0000', NULL, NULL, NULL),
(2241, 'BV', 0, NULL, 'BV', '22.0000', NULL, NULL, NULL),
(2242, 'BV', 0, NULL, '34', '0.0000', NULL, NULL, NULL),
(2243, 'BW', 0, NULL, 'BW', '22.0000', NULL, NULL, NULL),
(2244, 'BW', 0, NULL, '35', '0.0000', NULL, NULL, NULL),
(2245, 'BY', 0, NULL, 'BY', '22.0000', NULL, NULL, NULL),
(2246, 'BY', 0, NULL, '36', '0.0000', NULL, NULL, NULL),
(2247, 'BZ', 0, NULL, 'BZ', '22.0000', NULL, NULL, NULL),
(2248, 'BZ', 0, NULL, '37', '0.0000', NULL, NULL, NULL),
(2249, 'CA', 0, NULL, 'CA', '22.0000', NULL, NULL, NULL),
(2250, 'CA', 0, NULL, '38', '0.0000', NULL, NULL, NULL),
(2251, 'CC', 0, NULL, 'CC', '22.0000', NULL, NULL, NULL),
(2252, 'CC', 0, NULL, '39', '0.0000', NULL, NULL, NULL),
(2253, 'CD', 0, NULL, 'CD', '22.0000', NULL, NULL, NULL),
(2254, 'CD', 0, NULL, '40', '0.0000', NULL, NULL, NULL),
(2255, 'CF', 0, NULL, 'CF', '22.0000', NULL, NULL, NULL),
(2256, 'CF', 0, NULL, '41', '0.0000', NULL, NULL, NULL),
(2257, 'CG', 0, NULL, 'CG', '22.0000', NULL, NULL, NULL),
(2258, 'CG', 0, NULL, '42', '0.0000', NULL, NULL, NULL),
(2259, 'CH', 0, NULL, 'CH', '22.0000', NULL, NULL, NULL),
(2260, 'CH', 0, NULL, '43', '0.0000', NULL, NULL, NULL),
(2261, 'CI', 0, NULL, 'CI', '22.0000', NULL, NULL, NULL),
(2262, 'CI', 0, NULL, '44', '0.0000', NULL, NULL, NULL),
(2263, 'CK', 0, NULL, 'CK', '22.0000', NULL, NULL, NULL),
(2264, 'CK', 0, NULL, '45', '0.0000', NULL, NULL, NULL),
(2265, 'CL', 0, NULL, 'CL', '22.0000', NULL, NULL, NULL),
(2266, 'CL', 0, NULL, '46', '0.0000', NULL, NULL, NULL),
(2267, 'CM', 0, NULL, 'CM', '22.0000', NULL, NULL, NULL),
(2268, 'CM', 0, NULL, '47', '0.0000', NULL, NULL, NULL),
(2269, 'CN', 0, NULL, 'CN', '22.0000', NULL, NULL, NULL),
(2270, 'CN', 0, NULL, '48', '0.0000', NULL, NULL, NULL),
(2271, 'CO', 0, NULL, 'CO', '22.0000', NULL, NULL, NULL),
(2272, 'CO', 0, NULL, '49', '0.0000', NULL, NULL, NULL),
(2273, 'CR', 0, NULL, 'CR', '22.0000', NULL, NULL, NULL),
(2274, 'CR', 0, NULL, '50', '0.0000', NULL, NULL, NULL),
(2275, 'CU', 0, NULL, 'CU', '22.0000', NULL, NULL, NULL),
(2276, 'CU', 0, NULL, '51', '0.0000', NULL, NULL, NULL),
(2277, 'CV', 0, NULL, 'CV', '22.0000', NULL, NULL, NULL),
(2278, 'CV', 0, NULL, '52', '0.0000', NULL, NULL, NULL),
(2279, 'CX', 0, NULL, 'CX', '22.0000', NULL, NULL, NULL),
(2280, 'CX', 0, NULL, '53', '0.0000', NULL, NULL, NULL),
(2281, 'CY', 0, NULL, 'CY', '22.0000', NULL, NULL, NULL),
(2282, 'CY', 0, NULL, '54', '0.0000', NULL, NULL, NULL),
(2283, 'CZ', 0, NULL, 'CZ', '22.0000', NULL, NULL, NULL),
(2284, 'CZ', 0, NULL, '55', '0.0000', NULL, NULL, NULL),
(2285, 'DE', 0, NULL, 'DE', '22.0000', NULL, NULL, NULL),
(2286, 'DE', 0, NULL, '56', '0.0000', NULL, NULL, NULL),
(2287, 'DJ', 0, NULL, 'DJ', '22.0000', NULL, NULL, NULL),
(2288, 'DJ', 0, NULL, '57', '0.0000', NULL, NULL, NULL),
(2289, 'DK', 0, NULL, 'DK', '22.0000', NULL, NULL, NULL),
(2290, 'DK', 0, NULL, '58', '0.0000', NULL, NULL, NULL),
(2291, 'DM', 0, NULL, 'DM', '22.0000', NULL, NULL, NULL),
(2292, 'DM', 0, NULL, '59', '0.0000', NULL, NULL, NULL),
(2293, 'DO', 0, NULL, 'DO', '22.0000', NULL, NULL, NULL),
(2294, 'DO', 0, NULL, '60', '0.0000', NULL, NULL, NULL),
(2295, 'DZ', 0, NULL, 'DZ', '22.0000', NULL, NULL, NULL),
(2296, 'DZ', 0, NULL, '61', '0.0000', NULL, NULL, NULL),
(2297, 'EC', 0, NULL, 'EC', '22.0000', NULL, NULL, NULL),
(2298, 'EC', 0, NULL, '62', '0.0000', NULL, NULL, NULL),
(2299, 'EE', 0, NULL, 'EE', '22.0000', NULL, NULL, NULL),
(2300, 'EE', 0, NULL, '63', '0.0000', NULL, NULL, NULL),
(2301, 'EG', 0, NULL, 'EG', '22.0000', NULL, NULL, NULL),
(2302, 'EG', 0, NULL, '64', '0.0000', NULL, NULL, NULL),
(2303, 'EH', 0, NULL, 'EH', '22.0000', NULL, NULL, NULL),
(2304, 'EH', 0, NULL, '65', '0.0000', NULL, NULL, NULL),
(2305, 'ER', 0, NULL, 'ER', '22.0000', NULL, NULL, NULL),
(2306, 'ER', 0, NULL, '66', '0.0000', NULL, NULL, NULL),
(2307, 'ES', 0, NULL, 'ES', '22.0000', NULL, NULL, NULL),
(2308, 'ES', 0, NULL, '67', '0.0000', NULL, NULL, NULL),
(2309, 'ET', 0, NULL, 'ET', '22.0000', NULL, NULL, NULL),
(2310, 'ET', 0, NULL, '68', '0.0000', NULL, NULL, NULL),
(2311, 'FI', 0, NULL, 'FI', '22.0000', NULL, NULL, NULL),
(2312, 'FI', 0, NULL, '69', '0.0000', NULL, NULL, NULL),
(2313, 'FJ', 0, NULL, 'FJ', '22.0000', NULL, NULL, NULL),
(2314, 'FJ', 0, NULL, '70', '0.0000', NULL, NULL, NULL),
(2315, 'FK', 0, NULL, 'FK', '22.0000', NULL, NULL, NULL),
(2316, 'FK', 0, NULL, '71', '0.0000', NULL, NULL, NULL),
(2317, 'FM', 0, NULL, 'FM', '22.0000', NULL, NULL, NULL),
(2318, 'FM', 0, NULL, '72', '0.0000', NULL, NULL, NULL),
(2319, 'FO', 0, NULL, 'FO', '22.0000', NULL, NULL, NULL),
(2320, 'FO', 0, NULL, '73', '0.0000', NULL, NULL, NULL),
(2321, 'FR', 0, NULL, 'FR', '22.0000', NULL, NULL, NULL),
(2322, 'FR', 0, NULL, '74', '0.0000', NULL, NULL, NULL),
(2323, 'FR', 0, NULL, 'M2E Tax Rate', '22.0000', NULL, NULL, NULL),
(2324, 'GA', 0, NULL, 'GA', '22.0000', NULL, NULL, NULL),
(2325, 'GA', 0, NULL, '75', '0.0000', NULL, NULL, NULL),
(2326, 'GB', 0, NULL, '76', '0.0000', NULL, NULL, NULL),
(2327, 'GB', 0, NULL, 'GB', '22.0000', NULL, NULL, NULL),
(2328, 'GD', 0, NULL, 'GD', '22.0000', NULL, NULL, NULL),
(2329, 'GD', 0, NULL, '77', '0.0000', NULL, NULL, NULL),
(2330, 'GE', 0, NULL, 'GE', '22.0000', NULL, NULL, NULL),
(2331, 'GE', 0, NULL, '78', '0.0000', NULL, NULL, NULL),
(2332, 'GF', 0, NULL, 'GF', '22.0000', NULL, NULL, NULL),
(2333, 'GF', 0, NULL, '79', '0.0000', NULL, NULL, NULL),
(2334, 'GG', 0, NULL, 'GG', '22.0000', NULL, NULL, NULL),
(2335, 'GG', 0, NULL, '80', '0.0000', NULL, NULL, NULL),
(2336, 'GH', 0, NULL, 'GH', '22.0000', NULL, NULL, NULL),
(2337, 'GH', 0, NULL, '81', '0.0000', NULL, NULL, NULL),
(2338, 'GI', 0, NULL, 'GI', '22.0000', NULL, NULL, NULL),
(2339, 'GI', 0, NULL, '82', '0.0000', NULL, NULL, NULL),
(2340, 'GL', 0, NULL, 'GL', '22.0000', NULL, NULL, NULL),
(2341, 'GL', 0, NULL, '83', '0.0000', NULL, NULL, NULL),
(2342, 'GM', 0, NULL, 'GM', '22.0000', NULL, NULL, NULL),
(2343, 'GM', 0, NULL, '84', '0.0000', NULL, NULL, NULL),
(2344, 'GN', 0, NULL, 'GN', '22.0000', NULL, NULL, NULL),
(2345, 'GN', 0, NULL, '85', '0.0000', NULL, NULL, NULL),
(2346, 'GP', 0, NULL, 'GP', '22.0000', NULL, NULL, NULL),
(2347, 'GP', 0, NULL, '86', '0.0000', NULL, NULL, NULL),
(2348, 'GQ', 0, NULL, 'GQ', '22.0000', NULL, NULL, NULL),
(2349, 'GQ', 0, NULL, '87', '0.0000', NULL, NULL, NULL),
(2350, 'GR', 0, NULL, 'GR', '22.0000', NULL, NULL, NULL),
(2351, 'GR', 0, NULL, '88', '0.0000', NULL, NULL, NULL),
(2352, 'GS', 0, NULL, 'GS', '22.0000', NULL, NULL, NULL),
(2353, 'GS', 0, NULL, '89', '0.0000', NULL, NULL, NULL),
(2354, 'GT', 0, NULL, 'GT', '22.0000', NULL, NULL, NULL),
(2355, 'GT', 0, NULL, '90', '0.0000', NULL, NULL, NULL),
(2356, 'GU', 0, NULL, 'GU', '22.0000', NULL, NULL, NULL),
(2357, 'GU', 0, NULL, '91', '0.0000', NULL, NULL, NULL),
(2358, 'GW', 0, NULL, 'GW', '22.0000', NULL, NULL, NULL),
(2359, 'GW', 0, NULL, '92', '0.0000', NULL, NULL, NULL),
(2360, 'GY', 0, NULL, 'GY', '22.0000', NULL, NULL, NULL),
(2361, 'GY', 0, NULL, '93', '0.0000', NULL, NULL, NULL),
(2362, 'HK', 0, NULL, 'HK', '22.0000', NULL, NULL, NULL),
(2363, 'HK', 0, NULL, '94', '0.0000', NULL, NULL, NULL),
(2364, 'HM', 0, NULL, 'HM', '22.0000', NULL, NULL, NULL),
(2365, 'HM', 0, NULL, '95', '0.0000', NULL, NULL, NULL),
(2366, 'HN', 0, NULL, 'HN', '22.0000', NULL, NULL, NULL),
(2367, 'HN', 0, NULL, '96', '0.0000', NULL, NULL, NULL),
(2368, 'HR', 0, NULL, 'HR', '22.0000', NULL, NULL, NULL),
(2369, 'HR', 0, NULL, '97', '0.0000', NULL, NULL, NULL),
(2370, 'HT', 0, NULL, 'HT', '22.0000', NULL, NULL, NULL),
(2371, 'HT', 0, NULL, '98', '0.0000', NULL, NULL, NULL),
(2372, 'HU', 0, NULL, 'HU', '22.0000', NULL, NULL, NULL),
(2373, 'HU', 0, NULL, '99', '0.0000', NULL, NULL, NULL),
(2374, 'ID', 0, NULL, 'ID', '22.0000', NULL, NULL, NULL),
(2375, 'ID', 0, NULL, '100', '0.0000', NULL, NULL, NULL),
(2376, 'IE', 0, NULL, 'IE', '22.0000', NULL, NULL, NULL),
(2377, 'IE', 0, NULL, '101', '0.0000', NULL, NULL, NULL),
(2378, 'IL', 0, NULL, 'IL', '22.0000', NULL, NULL, NULL),
(2379, 'IL', 0, NULL, '102', '0.0000', NULL, NULL, NULL),
(2380, 'IM', 0, NULL, 'IM', '22.0000', NULL, NULL, NULL),
(2381, 'IM', 0, NULL, '103', '0.0000', NULL, NULL, NULL),
(2382, 'IN', 0, NULL, 'IN', '22.0000', NULL, NULL, NULL),
(2383, 'IN', 0, NULL, '104', '0.0000', NULL, NULL, NULL),
(2384, 'IO', 0, NULL, 'IO', '22.0000', NULL, NULL, NULL),
(2385, 'IO', 0, NULL, '105', '0.0000', NULL, NULL, NULL),
(2386, 'IQ', 0, NULL, 'IQ', '22.0000', NULL, NULL, NULL),
(2387, 'IQ', 0, NULL, '106', '0.0000', NULL, NULL, NULL),
(2388, 'IR', 0, NULL, 'IR', '22.0000', NULL, NULL, NULL),
(2389, 'IR', 0, NULL, '107', '0.0000', NULL, NULL, NULL),
(2390, 'IS', 0, NULL, 'IS', '22.0000', NULL, NULL, NULL),
(2391, 'IS', 0, NULL, '108', '0.0000', NULL, NULL, NULL),
(2392, 'IT', 0, NULL, 'Italia', '22.0000', NULL, NULL, NULL),
(2393, 'IT', 0, NULL, '111', '22.0000', NULL, NULL, NULL),
(2394, 'IT', 0, '*', 'IT4', '4.0000', NULL, NULL, NULL),
(2395, 'IT', 0, '*', 'IT10', '10.0000', NULL, NULL, NULL),
(2396, 'JE', 0, NULL, 'JE', '22.0000', NULL, NULL, NULL),
(2397, 'JE', 0, NULL, '112', '0.0000', NULL, NULL, NULL),
(2398, 'JM', 0, NULL, 'JM', '22.0000', NULL, NULL, NULL),
(2399, 'JM', 0, NULL, '113', '0.0000', NULL, NULL, NULL),
(2400, 'JO', 0, NULL, 'JO', '22.0000', NULL, NULL, NULL),
(2401, 'JO', 0, NULL, '114', '0.0000', NULL, NULL, NULL),
(2402, 'JP', 0, NULL, 'JP', '22.0000', NULL, NULL, NULL),
(2403, 'JP', 0, NULL, '115', '0.0000', NULL, NULL, NULL),
(2404, 'KE', 0, NULL, 'KE', '22.0000', NULL, NULL, NULL),
(2405, 'KE', 0, NULL, '116', '0.0000', NULL, NULL, NULL),
(2406, 'KG', 0, NULL, 'KG', '22.0000', NULL, NULL, NULL),
(2407, 'KG', 0, NULL, '117', '0.0000', NULL, NULL, NULL),
(2408, 'KH', 0, NULL, 'KH', '22.0000', NULL, NULL, NULL),
(2409, 'KH', 0, NULL, '118', '0.0000', NULL, NULL, NULL),
(2410, 'KI', 0, NULL, 'KI', '22.0000', NULL, NULL, NULL),
(2411, 'KI', 0, NULL, '119', '0.0000', NULL, NULL, NULL),
(2412, 'KM', 0, NULL, 'KM', '22.0000', NULL, NULL, NULL),
(2413, 'KM', 0, NULL, '120', '0.0000', NULL, NULL, NULL),
(2414, 'KN', 0, NULL, 'KN', '22.0000', NULL, NULL, NULL),
(2415, 'KN', 0, NULL, '121', '0.0000', NULL, NULL, NULL),
(2416, 'KP', 0, NULL, 'KP', '22.0000', NULL, NULL, NULL),
(2417, 'KP', 0, NULL, '122', '0.0000', NULL, NULL, NULL),
(2418, 'KR', 0, NULL, 'KR', '22.0000', NULL, NULL, NULL),
(2419, 'KR', 0, NULL, '123', '0.0000', NULL, NULL, NULL),
(2420, 'KW', 0, NULL, 'KW', '22.0000', NULL, NULL, NULL),
(2421, 'KW', 0, NULL, '124', '0.0000', NULL, NULL, NULL),
(2422, 'KY', 0, NULL, 'KY', '22.0000', NULL, NULL, NULL),
(2423, 'KY', 0, NULL, '125', '0.0000', NULL, NULL, NULL),
(2424, 'KZ', 0, NULL, 'KZ', '22.0000', NULL, NULL, NULL),
(2425, 'KZ', 0, NULL, '126', '0.0000', NULL, NULL, NULL),
(2426, 'LA', 0, NULL, 'LA', '22.0000', NULL, NULL, NULL),
(2427, 'LA', 0, NULL, '127', '0.0000', NULL, NULL, NULL),
(2428, 'LB', 0, NULL, '128', '0.0000', NULL, NULL, NULL),
(2429, 'LB', 0, NULL, 'LB', '22.0000', NULL, NULL, NULL),
(2430, 'LC', 0, NULL, 'LC', '22.0000', NULL, NULL, NULL),
(2431, 'LC', 0, NULL, '129', '0.0000', NULL, NULL, NULL),
(2432, 'LI', 0, NULL, 'LI', '22.0000', NULL, NULL, NULL),
(2433, 'LI', 0, NULL, '130', '0.0000', NULL, NULL, NULL),
(2434, 'LK', 0, NULL, 'LK', '22.0000', NULL, NULL, NULL),
(2435, 'LK', 0, NULL, '131', '0.0000', NULL, NULL, NULL),
(2436, 'LR', 0, NULL, 'LR', '22.0000', NULL, NULL, NULL),
(2437, 'LR', 0, NULL, '132', '0.0000', NULL, NULL, NULL),
(2438, 'LS', 0, NULL, 'LS', '22.0000', NULL, NULL, NULL),
(2439, 'LS', 0, NULL, '133', '0.0000', NULL, NULL, NULL),
(2440, 'LT', 0, NULL, 'LT', '22.0000', NULL, NULL, NULL),
(2441, 'LT', 0, NULL, '134', '0.0000', NULL, NULL, NULL),
(2442, 'LU', 0, NULL, 'LU', '22.0000', NULL, NULL, NULL),
(2443, 'LU', 0, NULL, '135', '0.0000', NULL, NULL, NULL),
(2444, 'LV', 0, NULL, 'LV', '22.0000', NULL, NULL, NULL),
(2445, 'LV', 0, NULL, '136', '0.0000', NULL, NULL, NULL),
(2446, 'LY', 0, NULL, 'LY', '22.0000', NULL, NULL, NULL),
(2447, 'LY', 0, NULL, '137', '0.0000', NULL, NULL, NULL),
(2448, 'MA', 0, NULL, 'MA', '22.0000', NULL, NULL, NULL),
(2449, 'MA', 0, NULL, '138', '0.0000', NULL, NULL, NULL),
(2450, 'MC', 0, NULL, 'MC', '22.0000', NULL, NULL, NULL),
(2451, 'MC', 0, NULL, '139', '0.0000', NULL, NULL, NULL),
(2452, 'MD', 0, NULL, 'MD', '22.0000', NULL, NULL, NULL),
(2453, 'MD', 0, NULL, '140', '0.0000', NULL, NULL, NULL),
(2454, 'ME', 0, NULL, 'ME', '22.0000', NULL, NULL, NULL),
(2455, 'ME', 0, NULL, '141', '0.0000', NULL, NULL, NULL),
(2456, 'MF', 0, NULL, 'MF', '22.0000', NULL, NULL, NULL),
(2457, 'MF', 0, NULL, '142', '0.0000', NULL, NULL, NULL),
(2458, 'MG', 0, NULL, 'MG', '22.0000', NULL, NULL, NULL),
(2459, 'MG', 0, NULL, '143', '0.0000', NULL, NULL, NULL),
(2460, 'MH', 0, NULL, 'MH', '22.0000', NULL, NULL, NULL),
(2461, 'MH', 0, NULL, '144', '0.0000', NULL, NULL, NULL),
(2462, 'MK', 0, NULL, 'MK', '22.0000', NULL, NULL, NULL),
(2463, 'MK', 0, NULL, '145', '0.0000', NULL, NULL, NULL),
(2464, 'ML', 0, NULL, 'ML', '22.0000', NULL, NULL, NULL),
(2465, 'ML', 0, NULL, '146', '0.0000', NULL, NULL, NULL),
(2466, 'MM', 0, NULL, 'MM', '22.0000', NULL, NULL, NULL),
(2467, 'MM', 0, NULL, '147', '0.0000', NULL, NULL, NULL),
(2468, 'MN', 0, NULL, 'MN', '22.0000', NULL, NULL, NULL),
(2469, 'MN', 0, NULL, '148', '0.0000', NULL, NULL, NULL),
(2470, 'MO', 0, NULL, 'MO', '22.0000', NULL, NULL, NULL),
(2471, 'MO', 0, NULL, '149', '0.0000', NULL, NULL, NULL),
(2472, 'MP', 0, NULL, 'MP', '22.0000', NULL, NULL, NULL),
(2473, 'MP', 0, NULL, '150', '0.0000', NULL, NULL, NULL),
(2474, 'MQ', 0, NULL, 'MQ', '22.0000', NULL, NULL, NULL),
(2475, 'MQ', 0, NULL, '151', '0.0000', NULL, NULL, NULL),
(2476, 'MR', 0, NULL, 'MR', '22.0000', NULL, NULL, NULL),
(2477, 'MR', 0, NULL, '152', '0.0000', NULL, NULL, NULL),
(2478, 'MS', 0, NULL, 'MS', '22.0000', NULL, NULL, NULL),
(2479, 'MS', 0, NULL, '153', '0.0000', NULL, NULL, NULL),
(2480, 'MT', 0, NULL, 'MT', '22.0000', NULL, NULL, NULL),
(2481, 'MT', 0, NULL, '154', '0.0000', NULL, NULL, NULL),
(2482, 'MU', 0, NULL, 'MU', '22.0000', NULL, NULL, NULL),
(2483, 'MU', 0, NULL, '155', '0.0000', NULL, NULL, NULL),
(2484, 'MV', 0, NULL, 'MV', '22.0000', NULL, NULL, NULL),
(2485, 'MV', 0, NULL, '156', '0.0000', NULL, NULL, NULL),
(2486, 'MW', 0, NULL, 'MW', '22.0000', NULL, NULL, NULL),
(2487, 'MW', 0, NULL, '157', '0.0000', NULL, NULL, NULL),
(2488, 'MX', 0, NULL, 'MX', '22.0000', NULL, NULL, NULL),
(2489, 'MX', 0, NULL, '158', '0.0000', NULL, NULL, NULL),
(2490, 'MY', 0, NULL, 'MY', '22.0000', NULL, NULL, NULL),
(2491, 'MY', 0, NULL, '159', '0.0000', NULL, NULL, NULL),
(2492, 'MZ', 0, NULL, 'MZ', '22.0000', NULL, NULL, NULL),
(2493, 'MZ', 0, NULL, '160', '0.0000', NULL, NULL, NULL),
(2494, 'NA', 0, NULL, 'NA', '22.0000', NULL, NULL, NULL),
(2495, 'NA', 0, NULL, '161', '0.0000', NULL, NULL, NULL),
(2496, 'NC', 0, NULL, 'NC', '22.0000', NULL, NULL, NULL),
(2497, 'NC', 0, NULL, '162', '0.0000', NULL, NULL, NULL),
(2498, 'NE', 0, NULL, 'NE', '22.0000', NULL, NULL, NULL),
(2499, 'NE', 0, NULL, '163', '0.0000', NULL, NULL, NULL),
(2500, 'NF', 0, NULL, 'NF', '22.0000', NULL, NULL, NULL),
(2501, 'NF', 0, NULL, '164', '0.0000', NULL, NULL, NULL),
(2502, 'NG', 0, NULL, 'NG', '22.0000', NULL, NULL, NULL),
(2503, 'NG', 0, NULL, '165', '0.0000', NULL, NULL, NULL),
(2504, 'NI', 0, NULL, 'NI', '22.0000', NULL, NULL, NULL),
(2505, 'NI', 0, NULL, '166', '0.0000', NULL, NULL, NULL),
(2506, 'NL', 0, NULL, 'NL', '22.0000', NULL, NULL, NULL),
(2507, 'NL', 0, NULL, '167', '0.0000', NULL, NULL, NULL),
(2508, 'NO', 0, NULL, 'NO', '22.0000', NULL, NULL, NULL),
(2509, 'NO', 0, NULL, '168', '0.0000', NULL, NULL, NULL),
(2510, 'NP', 0, NULL, 'NP', '22.0000', NULL, NULL, NULL),
(2511, 'NP', 0, NULL, '169', '0.0000', NULL, NULL, NULL),
(2512, 'NR', 0, NULL, 'NR', '22.0000', NULL, NULL, NULL),
(2513, 'NR', 0, NULL, '170', '0.0000', NULL, NULL, NULL),
(2514, 'NU', 0, NULL, 'NU', '22.0000', NULL, NULL, NULL),
(2515, 'NU', 0, NULL, '171', '0.0000', NULL, NULL, NULL),
(2516, 'NZ', 0, NULL, 'NZ', '22.0000', NULL, NULL, NULL),
(2517, 'NZ', 0, NULL, '172', '0.0000', NULL, NULL, NULL),
(2518, 'OM', 0, NULL, 'OM', '22.0000', NULL, NULL, NULL),
(2519, 'OM', 0, NULL, '173', '0.0000', NULL, NULL, NULL),
(2520, 'PA', 0, NULL, 'PA', '22.0000', NULL, NULL, NULL),
(2521, 'PA', 0, NULL, '174', '0.0000', NULL, NULL, NULL),
(2522, 'PE', 0, NULL, 'PE', '22.0000', NULL, NULL, NULL),
(2523, 'PE', 0, NULL, '175', '0.0000', NULL, NULL, NULL),
(2524, 'PF', 0, NULL, 'PF', '22.0000', NULL, NULL, NULL),
(2525, 'PF', 0, NULL, '176', '0.0000', NULL, NULL, NULL),
(2526, 'PG', 0, NULL, 'PG', '22.0000', NULL, NULL, NULL),
(2527, 'PG', 0, NULL, '177', '0.0000', NULL, NULL, NULL),
(2528, 'PH', 0, NULL, 'PH', '22.0000', NULL, NULL, NULL),
(2529, 'PH', 0, NULL, '178', '0.0000', NULL, NULL, NULL),
(2530, 'PK', 0, NULL, 'PK', '22.0000', NULL, NULL, NULL),
(2531, 'PK', 0, NULL, '179', '0.0000', NULL, NULL, NULL),
(2532, 'PL', 0, NULL, 'PL', '22.0000', NULL, NULL, NULL),
(2533, 'PL', 0, NULL, '180', '0.0000', NULL, NULL, NULL),
(2534, 'PM', 0, NULL, 'PM', '22.0000', NULL, NULL, NULL),
(2535, 'PM', 0, NULL, '181', '0.0000', NULL, NULL, NULL),
(2536, 'PN', 0, NULL, 'PN', '22.0000', NULL, NULL, NULL),
(2537, 'PN', 0, NULL, '182', '0.0000', NULL, NULL, NULL);




INSERT INTO `tax_calculation_rule` (`tax_calculation_rule_id`, `code`, `priority`, `position`, `calculate_subtotal`) VALUES
/*(1, 'Privati', 0, 0, 1),*/
(2, 'Rivenditori (Esenti IVA) tranne per ITA', 1, 1, 1),
(3, 'Iva 4 %', 0, 0, 1),
(4, 'Iva 10 % ', 0, 0, 1);

UPDATE `tax_calculation_rule` SET code = 'Privati', calculate_subtotal = 1  WHERE `tax_calculation_rule_id` = 1; 



INSERT INTO `tax_calculation` (`tax_calculation_id`, `tax_calculation_rate_id`, `tax_calculation_rule_id`, `customer_tax_class_id`, `product_tax_class_id`) VALUES
(185, 2176, 2, 5, 4),
(186, 2178, 2, 5, 4),
(187, 2180, 2, 5, 4),
(188, 2182, 2, 5, 4),
(189, 2184, 2, 5, 4),
(190, 2186, 2, 5, 4),
(191, 2188, 2, 5, 4),
(192, 2190, 2, 5, 4),
(193, 2192, 2, 5, 4),
(194, 2194, 2, 5, 4),
(195, 2196, 2, 5, 4),
(196, 2198, 2, 5, 4),
(197, 2200, 2, 5, 4),
(198, 2202, 2, 5, 4),
(199, 2204, 2, 5, 4),
(200, 2206, 2, 5, 4),
(201, 2208, 2, 5, 4),
(202, 2210, 2, 5, 4),
(203, 2212, 2, 5, 4),
(204, 2214, 2, 5, 4),
(205, 2216, 2, 5, 4),
(206, 2218, 2, 5, 4),
(207, 2220, 2, 5, 4),
(208, 2222, 2, 5, 4),
(209, 2224, 2, 5, 4),
(210, 2226, 2, 5, 4),
(211, 2228, 2, 5, 4),
(212, 2230, 2, 5, 4),
(213, 2232, 2, 5, 4),
(214, 2234, 2, 5, 4),
(215, 2236, 2, 5, 4),
(216, 2238, 2, 5, 4),
(217, 2240, 2, 5, 4),
(218, 2242, 2, 5, 4),
(219, 2244, 2, 5, 4),
(220, 2246, 2, 5, 4),
(221, 2248, 2, 5, 4),
(222, 2250, 2, 5, 4),
(223, 2252, 2, 5, 4),
(224, 2254, 2, 5, 4),
(225, 2256, 2, 5, 4),
(226, 2258, 2, 5, 4),
(227, 2260, 2, 5, 4),
(228, 2262, 2, 5, 4),
(229, 2264, 2, 5, 4),
(230, 2266, 2, 5, 4),
(231, 2268, 2, 5, 4),
(232, 2270, 2, 5, 4),
(233, 2272, 2, 5, 4),
(234, 2274, 2, 5, 4),
(235, 2276, 2, 5, 4),
(236, 2278, 2, 5, 4),
(237, 2280, 2, 5, 4),
(238, 2282, 2, 5, 4),
(239, 2284, 2, 5, 4),
(240, 2286, 2, 5, 4),
(241, 2288, 2, 5, 4),
(242, 2290, 2, 5, 4),
(243, 2292, 2, 5, 4),
(244, 2294, 2, 5, 4),
(245, 2296, 2, 5, 4),
(246, 2298, 2, 5, 4),
(247, 2300, 2, 5, 4),
(248, 2302, 2, 5, 4),
(249, 2304, 2, 5, 4),
(250, 2306, 2, 5, 4),
(251, 2308, 2, 5, 4),
(252, 2310, 2, 5, 4),
(253, 2312, 2, 5, 4),
(254, 2314, 2, 5, 4),
(255, 2316, 2, 5, 4),
(256, 2318, 2, 5, 4),
(257, 2320, 2, 5, 4),
(258, 2322, 2, 5, 4),
(259, 2325, 2, 5, 4),
(260, 2326, 2, 5, 4),
(261, 2329, 2, 5, 4),
(262, 2331, 2, 5, 4),
(263, 2333, 2, 5, 4),
(264, 2335, 2, 5, 4),
(265, 2337, 2, 5, 4),
(266, 2339, 2, 5, 4),
(267, 2341, 2, 5, 4),
(268, 2343, 2, 5, 4),
(269, 2345, 2, 5, 4),
(270, 2347, 2, 5, 4),
(271, 2349, 2, 5, 4),
(272, 2351, 2, 5, 4),
(273, 2353, 2, 5, 4),
(274, 2355, 2, 5, 4),
(275, 2357, 2, 5, 4),
(276, 2359, 2, 5, 4),
(277, 2361, 2, 5, 4),
(278, 2363, 2, 5, 4),
(279, 2365, 2, 5, 4),
(280, 2367, 2, 5, 4),
(281, 2369, 2, 5, 4),
(282, 2371, 2, 5, 4),
(283, 2373, 2, 5, 4),
(284, 2375, 2, 5, 4),
(285, 2377, 2, 5, 4),
(286, 2379, 2, 5, 4),
(287, 2381, 2, 5, 4),
(288, 2383, 2, 5, 4),
(289, 2385, 2, 5, 4),
(290, 2387, 2, 5, 4),
(291, 2389, 2, 5, 4),
(292, 2391, 2, 5, 4),
(293, 2393, 2, 5, 4),
(294, 2397, 2, 5, 4),
(295, 2399, 2, 5, 4),
(296, 2401, 2, 5, 4),
(297, 2403, 2, 5, 4),
(298, 2405, 2, 5, 4),
(299, 2407, 2, 5, 4),
(300, 2409, 2, 5, 4),
(301, 2411, 2, 5, 4),
(302, 2413, 2, 5, 4),
(303, 2415, 2, 5, 4),
(304, 2417, 2, 5, 4),
(305, 2419, 2, 5, 4),
(306, 2421, 2, 5, 4),
(307, 2423, 2, 5, 4),
(308, 2425, 2, 5, 4),
(309, 2427, 2, 5, 4),
(310, 2428, 2, 5, 4),
(311, 2431, 2, 5, 4),
(312, 2433, 2, 5, 4),
(313, 2435, 2, 5, 4),
(314, 2437, 2, 5, 4),
(315, 2439, 2, 5, 4),
(316, 2441, 2, 5, 4),
(317, 2443, 2, 5, 4),
(318, 2445, 2, 5, 4),
(319, 2447, 2, 5, 4),
(320, 2449, 2, 5, 4),
(321, 2451, 2, 5, 4),
(322, 2453, 2, 5, 4),
(323, 2455, 2, 5, 4),
(324, 2457, 2, 5, 4),
(325, 2459, 2, 5, 4),
(326, 2461, 2, 5, 4),
(327, 2463, 2, 5, 4),
(328, 2465, 2, 5, 4),
(329, 2467, 2, 5, 4),
(330, 2469, 2, 5, 4),
(331, 2471, 2, 5, 4),
(332, 2473, 2, 5, 4),
(333, 2475, 2, 5, 4),
(334, 2477, 2, 5, 4),
(335, 2479, 2, 5, 4),
(336, 2481, 2, 5, 4),
(337, 2483, 2, 5, 4),
(338, 2485, 2, 5, 4),
(339, 2487, 2, 5, 4),
(340, 2489, 2, 5, 4),
(341, 2491, 2, 5, 4),
(342, 2493, 2, 5, 4),
(343, 2495, 2, 5, 4),
(344, 2497, 2, 5, 4),
(345, 2499, 2, 5, 4),
(346, 2501, 2, 5, 4),
(347, 2503, 2, 5, 4),
(348, 2505, 2, 5, 4),
(349, 2507, 2, 5, 4),
(350, 2509, 2, 5, 4),
(351, 2511, 2, 5, 4),
(352, 2513, 2, 5, 4),
(353, 2515, 2, 5, 4),
(354, 2517, 2, 5, 4),
(355, 2519, 2, 5, 4),
(356, 2521, 2, 5, 4),
(357, 2523, 2, 5, 4),
(358, 2525, 2, 5, 4),
(359, 2527, 2, 5, 4),
(360, 2529, 2, 5, 4),
(361, 2531, 2, 5, 4),
(362, 2533, 2, 5, 4),
(363, 2535, 2, 5, 4),
(364, 2537, 2, 5, 4),
(365, 1, 1, 6, 4),
(366, 2, 1, 6, 4),
(367, 3, 1, 6, 4),
(368, 2177, 1, 6, 4),
(369, 2179, 1, 6, 4),
(370, 2181, 1, 6, 4),
(371, 2183, 1, 6, 4),
(372, 2185, 1, 6, 4),
(373, 2187, 1, 6, 4),
(374, 2189, 1, 6, 4),
(375, 2191, 1, 6, 4),
(376, 2193, 1, 6, 4),
(377, 2195, 1, 6, 4),
(378, 2197, 1, 6, 4),
(379, 2199, 1, 6, 4),
(380, 2201, 1, 6, 4),
(381, 2203, 1, 6, 4),
(382, 2205, 1, 6, 4),
(383, 2207, 1, 6, 4),
(384, 2209, 1, 6, 4),
(385, 2211, 1, 6, 4),
(386, 2213, 1, 6, 4),
(387, 2215, 1, 6, 4),
(388, 2217, 1, 6, 4),
(389, 2219, 1, 6, 4),
(390, 2221, 1, 6, 4),
(391, 2223, 1, 6, 4),
(392, 2225, 1, 6, 4),
(393, 2227, 1, 6, 4),
(394, 2229, 1, 6, 4),
(395, 2231, 1, 6, 4),
(396, 2233, 1, 6, 4),
(397, 2235, 1, 6, 4),
(398, 2237, 1, 6, 4),
(399, 2239, 1, 6, 4),
(400, 2241, 1, 6, 4),
(401, 2243, 1, 6, 4),
(402, 2245, 1, 6, 4),
(403, 2247, 1, 6, 4),
(404, 2249, 1, 6, 4),
(405, 2251, 1, 6, 4),
(406, 2253, 1, 6, 4),
(407, 2255, 1, 6, 4),
(408, 2257, 1, 6, 4),
(409, 2259, 1, 6, 4),
(410, 2261, 1, 6, 4),
(411, 2263, 1, 6, 4),
(412, 2265, 1, 6, 4),
(413, 2267, 1, 6, 4),
(414, 2269, 1, 6, 4),
(415, 2271, 1, 6, 4),
(416, 2273, 1, 6, 4),
(417, 2275, 1, 6, 4),
(418, 2277, 1, 6, 4),
(419, 2279, 1, 6, 4),
(420, 2281, 1, 6, 4),
(421, 2283, 1, 6, 4),
(422, 2285, 1, 6, 4),
(423, 2287, 1, 6, 4),
(424, 2289, 1, 6, 4),
(425, 2291, 1, 6, 4),
(426, 2293, 1, 6, 4),
(427, 2295, 1, 6, 4),
(428, 2297, 1, 6, 4),
(429, 2299, 1, 6, 4),
(430, 2301, 1, 6, 4),
(431, 2303, 1, 6, 4),
(432, 2305, 1, 6, 4),
(433, 2307, 1, 6, 4),
(434, 2309, 1, 6, 4),
(435, 2311, 1, 6, 4),
(436, 2313, 1, 6, 4),
(437, 2315, 1, 6, 4),
(438, 2317, 1, 6, 4),
(439, 2319, 1, 6, 4),
(440, 2321, 1, 6, 4),
(441, 2324, 1, 6, 4),
(442, 2327, 1, 6, 4),
(443, 2328, 1, 6, 4),
(444, 2330, 1, 6, 4),
(445, 2332, 1, 6, 4),
(446, 2334, 1, 6, 4),
(447, 2336, 1, 6, 4),
(448, 2338, 1, 6, 4),
(449, 2340, 1, 6, 4),
(450, 2342, 1, 6, 4),
(451, 2344, 1, 6, 4),
(452, 2346, 1, 6, 4),
(453, 2348, 1, 6, 4),
(454, 2350, 1, 6, 4),
(455, 2352, 1, 6, 4),
(456, 2354, 1, 6, 4),
(457, 2356, 1, 6, 4),
(458, 2358, 1, 6, 4),
(459, 2360, 1, 6, 4),
(460, 2362, 1, 6, 4),
(461, 2364, 1, 6, 4),
(462, 2366, 1, 6, 4),
(463, 2368, 1, 6, 4),
(464, 2370, 1, 6, 4),
(465, 2372, 1, 6, 4),
(466, 2374, 1, 6, 4),
(467, 2376, 1, 6, 4),
(468, 2378, 1, 6, 4),
(469, 2380, 1, 6, 4),
(470, 2382, 1, 6, 4),
(471, 2384, 1, 6, 4),
(472, 2386, 1, 6, 4),
(473, 2388, 1, 6, 4),
(474, 2390, 1, 6, 4),
(475, 2392, 1, 6, 4),
(476, 2396, 1, 6, 4),
(477, 2398, 1, 6, 4),
(478, 2400, 1, 6, 4),
(479, 2402, 1, 6, 4),
(480, 2404, 1, 6, 4),
(481, 2406, 1, 6, 4),
(482, 2408, 1, 6, 4),
(483, 2410, 1, 6, 4),
(484, 2412, 1, 6, 4),
(485, 2414, 1, 6, 4),
(486, 2416, 1, 6, 4),
(487, 2418, 1, 6, 4),
(488, 2420, 1, 6, 4),
(489, 2422, 1, 6, 4),
(490, 2424, 1, 6, 4),
(491, 2426, 1, 6, 4),
(492, 2429, 1, 6, 4),
(493, 2430, 1, 6, 4),
(494, 2432, 1, 6, 4),
(495, 2434, 1, 6, 4),
(496, 2436, 1, 6, 4),
(497, 2438, 1, 6, 4),
(498, 2440, 1, 6, 4),
(499, 2442, 1, 6, 4),
(500, 2444, 1, 6, 4),
(501, 2446, 1, 6, 4),
(502, 2448, 1, 6, 4),
(503, 2450, 1, 6, 4),
(504, 2452, 1, 6, 4),
(505, 2454, 1, 6, 4),
(506, 2456, 1, 6, 4),
(507, 2458, 1, 6, 4),
(508, 2460, 1, 6, 4),
(509, 2462, 1, 6, 4),
(510, 2464, 1, 6, 4),
(511, 2466, 1, 6, 4),
(512, 2468, 1, 6, 4),
(513, 2470, 1, 6, 4),
(514, 2472, 1, 6, 4),
(515, 2474, 1, 6, 4),
(516, 2476, 1, 6, 4),
(517, 2478, 1, 6, 4),
(518, 2480, 1, 6, 4),
(519, 2482, 1, 6, 4),
(520, 2484, 1, 6, 4),
(521, 2486, 1, 6, 4),
(522, 2488, 1, 6, 4),
(523, 2490, 1, 6, 4),
(524, 2492, 1, 6, 4),
(525, 2494, 1, 6, 4),
(526, 2496, 1, 6, 4),
(527, 2498, 1, 6, 4),
(528, 2500, 1, 6, 4),
(529, 2502, 1, 6, 4),
(530, 2504, 1, 6, 4),
(531, 2506, 1, 6, 4),
(532, 2508, 1, 6, 4),
(533, 2510, 1, 6, 4),
(534, 2512, 1, 6, 4),
(535, 2514, 1, 6, 4),
(536, 2516, 1, 6, 4),
(537, 2518, 1, 6, 4),
(538, 2520, 1, 6, 4),
(539, 2522, 1, 6, 4),
(540, 2524, 1, 6, 4),
(541, 2526, 1, 6, 4),
(542, 2528, 1, 6, 4),
(543, 2530, 1, 6, 4),
(544, 2532, 1, 6, 4),
(545, 2534, 1, 6, 4),
(546, 2536, 1, 6, 4),
(548, 2395, 4, 6, 4),
(549, 2394, 3, 6, 4);
